text,sentiment
"I love this product, it's awesome",positive
"I'm not satisfied with the service",negative
"The weather today is pleasant",positive
"This book is boring",negative
"The product meets my expectations",positive
"I'm undecided about this movie",neutral
"The food at that restaurant was delicious",positive
"I had a terrible experience at the hotel",negative
"I had a great time at the party",positive
"I find this painting very captivating",positive
"The customer support was unhelpful",negative
"I'm feeling so excited about my upcoming trip",positive
"The traffic jam made me late for work",negative
"I'm impressed by the performance of this laptop",positive
"The customer service was friendly and efficient",positive
"I'm disappointed with the quality of this product",negative
"The scenery at the beach was breathtaking",positive
"The long wait at the doctor's office was frustrating",negative
"I had a wonderful time at the concert",positive
"I'm not interested in attending the conference",negative
"The new update improved the app's functionality",positive
"I had a horrible meal at that restaurant",negative
"I'm really happy with the results of my hard work",positive
"The customer service representative was rude",negative
"The movie I watched yesterday was entertaining",positive
"The delays at the airport were annoying",negative
"I absolutely love the design of this dress",positive
"The internet connection is slow and unreliable",negative
"The sunset was stunning",positive
"I'm not impressed with the performance of this car",negative
"The comedy show was hilarious",positive
"I'm dissatisfied with the company's policies",negative
"The park is a peaceful place to relax",positive
"The noise from the construction site is bothersome",negative
"I had a fantastic vacation",positive
"The service at that restaurant was terrible",negative
"I find this artwork uninspiring",negative
"The party was a lot of fun",positive
"The waitstaff at the café were friendly",positive
"I'm frustrated with the constant technical issues",negative
"The music at the concert was electrifying",positive
"I'm not pleased with the customer support",negative
"The view from the top of the mountain was breathtaking",positive
"The movie I watched was disappointing",negative
"I'm amazed by the talent of this musician",positive
"The product arrived damaged",negative
"I feel so grateful for the support I received",positive
"The hotel room was dirty and poorly maintained",negative
"I enjoy spending time with my friends",positive
"The service at the store was excellent",positive
"I'm annoyed by the constant interruptions",negative
"The play I saw was captivating",positive
"I'm not happy with the results of my efforts",negative
"The coffee at that café is delicious",positive
"The customer service was slow and unresponsive",negative
"I'm thrilled with my new purchase",positive
"The traffic during rush hour is unbearable",negative
"I had a magical experience at the theme park",positive
"I'm dissatisfied with the quality of this product",negative
"The concert was a memorable experience",positive
"The communication with the team was frustrating",negative
"I love the taste of this pizza",positive
"The laptop keeps freezing, it's frustrating",negative
"The museum exhibit was informative and engaging",positive
"I'm not impressed with the variety of options available",negative
"The hike through the forest was invigorating",positive
"The wait for the bus was long and tiring",negative
"I'm delighted by the outcome of the project",positive
"The customer service agent was unhelpful",negative
"The novel I read was captivating",positive
"I'm not satisfied with the performance of this device",negative
"The flowers in the garden are beautiful",positive